Prism (4 Suits),5,955.0
Rainbow (6 Suits),4,582.3529411764706
No Variant,6,569.8924731182796
Prism (5 Suits),5,481.48148148148147
Pink (5 Suits),5,412.6984126984127
White & Prism (5 Suits),3,391.8918918918919
6 Suits,3,387.96296296296293
6 Suits,4,372.0
Brown (5 Suits),3,355.8139534883721
Rainbow (6 Suits),5,308.72093023255815
Prism (5 Suits),3,263.2183908045977
Black (5 Suits),2,263.0681818181818
Prism (4 Suits),3,240.27777777777777
White (5 Suits),3,230.6930693069307
No Variant,2,230.43478260869568
6 Suits,5,227.58620689655172
White (4 Suits),3,220.43010752688173
White-Ones (5 Suits),3,200.0
Prism (4 Suits),4,184.375
White-Ones (5 Suits),4,176.92307692307693
Prism (6 Suits),3,154.11764705882354
White (6 Suits),5,149.50980392156865
Brown-Ones (6 Suits),5,147.05882352941177
No Variant,3,137.63440860215056
White (5 Suits),4,128.57142857142856
Light Pink & Prism (5 Suits),4,127.77777777777777
Gray (6 Suits),3,126.71957671957672
No Variant,4,116.39344262295083
4 Suits,4,114.77272727272727
No Variant,5,100.74786324786325
Prism (4 Suits),6,100.0
3 Suits,3,86.55913978494624
Prism (5 Suits),4,64.87341772151899
Brown-Ones (5 Suits),3,57.89473684210526