Clue Starved (6 Suits),5,1900.0
Rainbow & Light Pink (4 Suits),5,433.3333333333333
Pink & Cocoa Rainbow (5 Suits),4,328.57142857142856
Rainbow-Fives (6 Suits),5,322.22222222222223
Gray Pink (6 Suits),5,306.4516129032258
Dark Rainbow (5 Suits),4,184.7826086956522
Pink & White (5 Suits),5,181.8181818181818
Muddy Rainbow (6 Suits),4,162.0
Dark Omni (5 Suits),3,158.86524822695037
Dark Pink (5 Suits),3,151.82186234817814
Black (5 Suits),3,145.7908163265306
Pink (5 Suits),4,143.20987654320987
Rainbow (4 Suits),4,142.7860696517413
Up or Down & White (5 Suits),3,137.5
Dual-Color (5 Suits),3,128.03030303030303
Prism (5 Suits),3,117.51412429378531
Light Pink (5 Suits),3,115.38461538461539
Reversed (5 Suits),4,113.33333333333334
Omni (6 Suits),2,112.5
Muddy Rainbow (3 Suits),4,111.36363636363636
White (5 Suits),4,110.25641025641026
Muddy Rainbow (6 Suits),2,109.4017094017094
Rainbow (3 Suits),2,102.34375
4 Suits,3,101.91387559808614
No Variant,4,100.90415913200724
Light-Pink-Fives (5 Suits),5,100.0
Throw It in a Hole & Prism (4 Suits),2,100.0
White-Fives & Rainbow (6 Suits),6,100.0
Light Pink (6 Suits),5,89.6551724137931
Omni (5 Suits),6,83.33333333333334
Muddy Rainbow (5 Suits),4,79.16666666666667
Dark Pink (6 Suits),5,70.57471264367817
Brown (4 Suits),4,64.1025641025641
White (6 Suits),3,62.40157480314961
Black & Rainbow (6 Suits),4,60.199004975124375
Dark Brown (5 Suits),4,59.9721059972106
Rainbow (5 Suits),2,55.418719211822655
No Variant,3,50.2020202020202
3 Suits,3,41.55653450807636
Omni (4 Suits),3,39.50617283950618
Rainbow & Pink (5 Suits),2,38.797814207650276
White (5 Suits),3,36.50000000000001
Rainbow & Pink (5 Suits),6,36.224489795918366
3 Suits,2,34.11764705882353
Rainbow (5 Suits),4,30.830903790087465
Brown (6 Suits),2,27.510917030567686
No Variant,5,27.347560975609756
Up or Down (5 Suits),2,27.23926380368098
Throw It in a Hole (4 Suits),2,23.513513513513516
Pink (6 Suits),2,23.323076923076922
Null (6 Suits),2,13.947740112994351
Duck (5 Suits),2,6.939916162086633
Duck (3 Suits),2,6.341911764705882