Throw It in a Hole (6 Suits),5,900.0
Black & White (5 Suits),4,662.2222222222222
Throw It in a Hole (6 Suits),3,593.75
No Variant,6,561.2903225806451
Rainbow (6 Suits),3,526.4705882352941
Black & Pink (5 Suits),4,502.4390243902439
Black (6 Suits),2,496.6666666666667
No Variant,4,467.7685950413223
Rainbow & Pink (5 Suits),4,453.84615384615387
Rainbow (5 Suits),4,449.4949494949495
Rainbow & Pink (4 Suits),5,422.22222222222223
Pink (5 Suits),4,345.20547945205476
Pink & White (3 Suits),3,310.0
Up or Down (5 Suits),3,287.3015873015873
Prism (5 Suits),4,257.6923076923077
Brown-Ones (4 Suits),4,255.55555555555554
Rainbow & Prism (5 Suits),3,247.82608695652175
Rainbow & Muddy Rainbow (5 Suits),4,237.5
White (5 Suits),3,232.29166666666666
Rainbow (5 Suits),3,228.94736842105263
Black & Pink (5 Suits),3,206.38297872340425
Rainbow & Prism (3 Suits),3,204.76190476190476
Brown (5 Suits),5,196.7741935483871
White & Brown (6 Suits),4,195.23809523809524
Rainbow (3 Suits),4,187.73584905660377
White (5 Suits),5,186.76470588235293
Throw It in a Hole (5 Suits),3,181.08108108108107
Pink-Fives & Prism (5 Suits),3,175.0
White & Prism (6 Suits),6,156.25
White (6 Suits),4,149.7058823529412
3 Suits,4,138.25757575757575
Prism (4 Suits),3,120.42253521126761
White (4 Suits),4,113.97058823529412
Rainbow-Ones (5 Suits),4,112.82051282051282
Pink (6 Suits),4,107.87037037037037
Black & Brown (5 Suits),4,104.77941176470588
Pink (4 Suits),4,100.54644808743171
Brown-Ones (5 Suits),5,100.00000000000001
Muddy Rainbow (6 Suits),4,88.67924528301887
No Variant,5,88.6015325670498
4 Suits,2,86.58536585365854
Light Pink (5 Suits),2,82.27272727272727
6 Suits,4,73.73737373737374
White (6 Suits),2,72.76119402985074
Prism (5 Suits),3,65.51724137931033
No Variant,3,59.52380952380953
Light Pink (4 Suits),2,57.69230769230769
6 Suits,2,45.72222222222222
Rainbow (4 Suits),2,43.05555555555555
No Variant,2,37.36367946894263
Black & Brown (5 Suits),3,28.15734989648033
6 Suits,3,25.954692556634306
4 Suits,3,23.856209150326798