Black & Rainbow (6 Suits),6,300.0
Prism & Gray (6 Suits),5,300.0
Pink (4 Suits),5,194.65648854961833
Muddy Rainbow (5 Suits),5,165.34653465346534
Dual-Color (5 Suits),4,161.0
White & Prism (5 Suits),4,153.7037037037037
Pink (5 Suits),4,143.20987654320987
Black & White (5 Suits),3,140.7239819004525
Pink (5 Suits),5,138.95348837209303
Omni (6 Suits),3,134.7560975609756
Rainbow (3 Suits),4,133.85826771653544
Brown (5 Suits),4,129.64824120603015
Prism (6 Suits),4,129.59183673469389
White-Ones & Rainbow (5 Suits),3,127.27272727272728
White-Ones (5 Suits),3,126.92307692307693
Pink (5 Suits),3,123.50746268656717
4 Suits,4,122.15189873417721
Prism (5 Suits),4,121.93548387096774
Rainbow & Muddy Rainbow (6 Suits),5,121.73913043478261
Brown (4 Suits),3,117.35537190082646
Light-Pink-Ones & White (5 Suits),4,114.28571428571429
Prism (4 Suits),4,113.95348837209302
4 Suits,2,112.35955056179775
Pink (5 Suits),2,110.24096385542168
White (5 Suits),3,109.5
3 Suits,2,102.35294117647058
Pink & Light Pink (5 Suits),6,100.0
Black & Pink (5 Suits),4,81.33971291866028
3 Suits,4,68.92430278884461
Pink & White (6 Suits),3,68.0
White (5 Suits),5,67.58241758241758
Omni (5 Suits),4,65.43624161073826
Brown (5 Suits),5,65.30054644808743
3 Suits,3,62.33480176211454
Rainbow (4 Suits),3,57.64705882352941
Reversed (5 Suits),4,56.66666666666667
Reversed (6 Suits),4,52.41935483870967
White-Ones (4 Suits),3,50.0
White-Ones & White (6 Suits),4,48.71794871794872
Rainbow (4 Suits),4,47.59535655058043
Dual-Color Mix,2,42.91417165668663
White (6 Suits),3,41.60104986876641
White (6 Suits),4,41.42980189491818
White-Ones & Pink (5 Suits),4,40.47619047619048
No Variant,3,33.468013468013474
6 Suits,6,32.14285714285714
6 Suits,4,29.75
Totally Blind (5 Suits),2,28.846153846153847
Rainbow (5 Suits),2,27.709359605911327
Black (5 Suits),2,26.19047619047619
4 Suits,5,25.95744680851064
6 Suits,2,22.649199417758368
6 Suits,3,22.00573065902579
No Variant,5,18.231707317073173
Prism (6 Suits),3,17.99410029498525
Rainbow & Pink (6 Suits),2,17.741935483870968
Dark Omni (6 Suits),2,17.02898550724638
No Variant,2,11.874236874236873
Black (5 Suits),3,11.214678178963894
No Variant,4,10.090415913200724
Rainbow & Prism (3 Suits),3,7.5591985428051