Dark Rainbow (6 Suits),3,853.125
Rainbow (6 Suits),5,617.4418604651163
No Variant,4,465.5737704918033
Dark Rainbow (6 Suits),4,464.51612903225805
Rainbow (5 Suits),3,452.0
No Variant,3,412.9032258064516
Ambiguous & Rainbow (5 Suits),4,406.25
Rainbow & White (5 Suits),4,392.7272727272727
Prism (6 Suits),4,388.73239436619724
Rainbow (4 Suits),4,388.46153846153845
6 Suits,4,372.0
Dual-Color (3 Suits),3,370.3703703703703
Pink (6 Suits),5,367.27272727272725
Dual-Color (5 Suits),3,344.64285714285717
Pink (3 Suits),3,266.39344262295083
Black (6 Suits),5,265.5701754385965
Dual-Color (6 Suits),4,246.73913043478262
Dual-Color & Rainbow (6 Suits),4,235.13513513513516
6 Suits,5,227.58620689655172
Rainbow (6 Suits),6,227.5
Ambiguous (6 Suits),3,221.9512195121951
Rainbow (6 Suits),4,194.11764705882354
6 Suits,3,193.98148148148147
Prism (4 Suits),4,184.375
Throw It in a Hole (5 Suits),3,181.08108108108107
Rainbow (6 Suits),3,170.71651090342678
Rainbow (5 Suits),4,150.50505050505052
Dual-Color (6 Suits),5,135.00000000000003
Black (6 Suits),4,109.82391102873032
Very Ambiguous (6 Suits),3,108.88888888888889
Color Blind (6 Suits),4,100.0
Ambiguous (6 Suits),4,96.55172413793103
Dual-Color (6 Suits),3,86.63793103448275
Dual-Color & Rainbow (6 Suits),3,70.47619047619048
Color Blind (6 Suits),3,64.81481481481481
Rainbow (4 Suits),3,63.29588014981274
No Variant,5,61.99868507560815
White (5 Suits),3,57.67326732673268
Black (6 Suits),3,24.17800453514739