Gray Reversed (6 Suits),3,1250.0
Reversed (6 Suits),2,825.0
No Variant,2,727.1028037383178
4 Suits,5,677.7777777777778
Rainbow (6 Suits),5,645.4545454545455
Dark Prism (6 Suits),3,560.9756097560976
Brown (6 Suits),5,560.0
White (6 Suits),5,434.92063492063494
6 Suits,5,431.6455696202532
Pink (5 Suits),3,418.98734177215186
White (6 Suits),3,396.25
Rainbow (4 Suits),3,367.49999999999994
Brown & Light Pink (6 Suits),4,362.5
Pink-Fives & Prism (5 Suits),3,350.0
Dual-Color (6 Suits),3,345.45454545454544
Prism (6 Suits),3,308.86075949367086
Pink (4 Suits),4,307.1428571428571
White (6 Suits),2,294.82758620689657
Pink (5 Suits),2,281.53846153846155
White & Prism (5 Suits),4,276.6666666666667
Black (5 Suits),2,275.0
Muddy Rainbow (5 Suits),3,273.13432835820896
White (5 Suits),2,271.875
Prism (5 Suits),4,262.5
Black (6 Suits),4,248.57142857142858
Light Pink (5 Suits),3,241.93548387096774
Prism (6 Suits),2,206.73076923076923
Omni (5 Suits),2,184.92063492063494
Rainbow (4 Suits),2,176.92307692307693
Pink (6 Suits),2,155.32786885245903
Rainbow & White (4 Suits),3,152.77777777777777
Rainbow-Fives & Prism (5 Suits),4,150.0
White & Prism (5 Suits),2,150.0
Black (5 Suits),3,144.68354430379748
White-Ones & White (6 Suits),4,140.74074074074076
Rainbow (4 Suits),4,140.68627450980392
4 Suits,2,135.13513513513513
Muddy Rainbow (6 Suits),4,128.57142857142858
No Variant,4,117.22689075630252
Prism (5 Suits),2,103.92156862745098
3 Suits,2,103.57142857142857
Rainbow (6 Suits),2,100.63291139240508
Brown-Fives & Pink (5 Suits),3,100.0
Brown (6 Suits),2,96.92307692307693
White & Prism (4 Suits),2,90.27777777777777
Black (6 Suits),3,79.375
White (3 Suits),2,77.38095238095238
4 Suits,3,73.19587628865979
White (4 Suits),2,67.28395061728395
Light Pink (4 Suits),2,64.1025641025641
Rainbow (3 Suits),2,61.502347417840376
White-Ones & Brown (5 Suits),6,55.555555555555564
No Variant,3,46.40522875816993
White & Prism (3 Suits),2,42.708333333333336
3 Suits,3,39.30555555555555