Throw It in a Hole (6 Suits),5,683.3333333333334
Black & White (5 Suits),4,662.2222222222222
Throw It in a Hole (6 Suits),3,612.5
No Variant,6,569.8924731182796
Rainbow (6 Suits),3,512.1495327102804
Black & Pink (5 Suits),4,502.4390243902439
Black (6 Suits),2,495.98393574297194
No Variant,4,465.5737704918033
Rainbow & Pink (5 Suits),4,464.1025641025641
Rainbow (5 Suits),4,451.5151515151515
Rainbow & Pink (4 Suits),5,422.22222222222223
Pink (5 Suits),4,341.89189189189193
Pink & White (3 Suits),3,295.65217391304344
Up or Down (5 Suits),3,284.0909090909091
Prism (5 Suits),4,259.49367088607596
Black & Pink (5 Suits),3,256.7307692307692
Brown-Ones (4 Suits),4,255.55555555555554
Rainbow & Prism (5 Suits),3,246.8085106382979
Rainbow & Muddy Rainbow (5 Suits),4,237.5
White (5 Suits),3,230.6930693069307
Rainbow (5 Suits),3,226.0
Rainbow & Prism (3 Suits),3,204.76190476190476
Brown (5 Suits),5,196.7741935483871
White & Brown (6 Suits),4,195.23809523809524
Rainbow (3 Suits),4,187.73584905660377
White (5 Suits),5,187.68115942028984
Throw It in a Hole (5 Suits),3,181.08108108108107
Pink-Fives & Prism (5 Suits),3,175.0
White & Prism (6 Suits),6,156.25
White (6 Suits),4,149.7058823529412
3 Suits,4,138.63636363636363
Prism (4 Suits),3,120.13888888888889
White (4 Suits),4,113.57142857142857
Rainbow-Ones (5 Suits),4,112.34567901234568
Pink (6 Suits),4,108.21917808219179
Black & Brown (5 Suits),4,105.88235294117648
Brown-Ones (5 Suits),5,102.77777777777779
Pink (4 Suits),4,100.54644808743171
No Variant,5,89.55365622032288
Muddy Rainbow (6 Suits),4,88.67924528301887
4 Suits,2,83.90804597701151
Light Pink (5 Suits),2,80.26315789473684
6 Suits,4,74.4
White (6 Suits),2,70.54794520547945
Prism (5 Suits),3,65.80459770114942
Light Pink (4 Suits),2,59.54545454545455
No Variant,3,58.986175115207374
6 Suits,2,44.623655913978496
Rainbow (4 Suits),2,42.76315789473684
No Variant,2,36.38443935926774
Black & Brown (5 Suits),3,26.72497570456754
6 Suits,3,25.864197530864196
4 Suits,3,23.68972746331237