Gray Reversed (6 Suits),3,440.0
Brown & Light Pink (6 Suits),4,362.5
Pink-Fives & Prism (5 Suits),3,200.0
White & Prism (5 Suits),4,109.25925925925925
Brown (6 Suits),5,108.86075949367088
Brown-Fives & Pink (5 Suits),3,100.0
Rainbow & White (4 Suits),3,71.69811320754718
White (6 Suits),5,70.20202020202021
Rainbow-Fives & Prism (5 Suits),4,70.0
Prism (5 Suits),4,68.38709677419355
Dual-Color (6 Suits),3,65.54054054054055
Dark Prism (6 Suits),3,65.2439024390244
Rainbow (4 Suits),2,65.13761467889908
Light Pink (5 Suits),3,63.07692307692307
Pink (4 Suits),4,61.70212765957447
White (6 Suits),3,56.29921259842519
Muddy Rainbow (5 Suits),3,54.32098765432099
Pink (5 Suits),3,52.985074626865675
6 Suits,5,51.07913669064748
Rainbow (6 Suits),5,50.261780104712045
Pink (5 Suits),2,49.39759036144578
4 Suits,5,48.93617021276595
White (5 Suits),2,48.75000000000001
White (6 Suits),2,47.74193548387097
Rainbow (4 Suits),3,46.66666666666667
Prism (6 Suits),3,42.92035398230088
Reversed (6 Suits),2,35.77981651376147
Muddy Rainbow (6 Suits),4,34.66666666666667
Prism (5 Suits),2,27.722772277227723
4 Suits,2,26.96629213483146
White-Ones & White (6 Suits),4,26.923076923076923
3 Suits,2,25.88235294117647
Rainbow (4 Suits),4,25.538971807628524
White & Prism (5 Suits),2,23.846153846153847
No Variant,2,21.565934065934066
Prism (6 Suits),2,20.634920634920636
White-Ones & Brown (5 Suits),6,20.0
Rainbow (3 Suits),2,19.270833333333332
White (4 Suits),2,18.412698412698415
4 Suits,3,16.108452950558213
Light Pink (4 Suits),2,15.406976744186046
White (3 Suits),2,14.728682170542637
Black (5 Suits),2,11.904761904761905
Omni (5 Suits),2,11.165048543689322
White & Prism (4 Suits),2,10.775862068965518
Black (6 Suits),4,9.375
Pink (6 Suits),2,8.846153846153845
White & Prism (3 Suits),2,8.333333333333334
Rainbow (6 Suits),2,6.79324894514768
3 Suits,3,6.656877141458639
Brown (6 Suits),2,6.550218340611354
No Variant,4,5.605786618444846
Black (5 Suits),3,5.586734693877552
Black (6 Suits),3,4.636475662353667
No Variant,3,2.7160493827160495