Rainbow & Dark Brown (5 Suits),4,1063.6363636363637
Null (5 Suits),5,366.6666666666667
Pink (5 Suits),6,215.21739130434784
Rainbow & White (5 Suits),5,208.04597701149424
Rainbow-Ones (6 Suits),4,193.10344827586206
Rainbow & Light Pink (5 Suits),5,191.48936170212764
Brown-Fives (5 Suits),3,183.33333333333334
Clue Starved (6 Suits),3,168.04123711340205
Rainbow-Ones (5 Suits),3,155.10204081632654
Cocoa Rainbow (5 Suits),3,151.65876777251185
Pink (5 Suits),4,143.20987654320987
Pink & Brown (5 Suits),3,140.27777777777777
Pink (5 Suits),5,138.95348837209303
Rainbow & White (5 Suits),2,128.16901408450704
Brown-Fives (4 Suits),4,125.0
Pink & Brown (5 Suits),4,123.91304347826087
No Variant,6,122.79411764705883
Rainbow (6 Suits),2,120.75949367088607
Brown-Fives (5 Suits),4,120.0
White-Ones & Rainbow (5 Suits),4,115.78947368421052
Rainbow (6 Suits),4,114.2570281124498
Reversed (5 Suits),4,113.33333333333334
Muddy Rainbow (4 Suits),2,112.19512195121952
Pink (5 Suits),2,110.24096385542168
6 Suits,3,110.02865329512895
White (5 Suits),2,108.75
4 Suits,3,101.91387559808614
No Variant,4,100.90415913200724
No Variant,3,100.4040404040404
Brown-Fives (3 Suits),4,100.0
Pink-Fives & Omni (6 Suits),3,100.0
Pink & White (5 Suits),3,82.6923076923077
Color Mute (5 Suits),3,80.35714285714286
White (5 Suits),6,75.92592592592592
White (5 Suits),5,67.58241758241758
Muddy Rainbow (4 Suits),3,65.35087719298245
Dual-Color (6 Suits),3,64.1891891891892
Rainbow (5 Suits),5,63.28125
Omni (5 Suits),3,62.432432432432435
3 Suits,3,62.33480176211454
6 Suits,5,61.33093525179856
White-Fives (6 Suits),5,57.89473684210526
White (5 Suits),4,55.12820512820513
White (5 Suits),3,54.75
Light Pink (4 Suits),4,53.84615384615385
Dual-Color (5 Suits),4,53.66666666666667
Pink (4 Suits),6,51.282051282051285
Alternating Clues (4 Suits),2,50.0
Black (5 Suits),3,48.5969387755102
Rainbow & White (5 Suits),4,48.46153846153847
Rainbow (5 Suits),3,41.12554112554113
Rainbow (5 Suits),2,36.94581280788177
Rainbow & Pink (5 Suits),5,36.70588235294118
Black (5 Suits),2,34.920634920634924
3 Suits,4,34.46215139442231
Pink & Brown (4 Suits),2,33.75000000000001
Dark Pink (5 Suits),3,30.36437246963563
White & Brown (6 Suits),3,26.753246753246753
No Variant,2,26.717032967032967
Rainbow-Ones & Pink (5 Suits),3,23.5632183908046
Rainbow (6 Suits),5,21.68411867364747
Black (6 Suits),3,20.121468180617903
No Variant,5,18.231707317073173
4 Suits,5,14.42080378250591
Up or Down (5 Suits),3,11.571618037135279