Brown-Fives (6 Suits),4,900.0
6 Suits,2,892.4731182795699
Rainbow (5 Suits),6,740.3846153846155
Prism & Dark Rainbow (5 Suits),3,650.0
White & Omni (4 Suits),4,591.6666666666666
Rainbow (6 Suits),4,582.3529411764706
Black & Light Pink (6 Suits),3,537.9310344827586
Black (6 Suits),5,531.140350877193
Rainbow (6 Suits),3,512.1495327102804
Rainbow & White (6 Suits),4,506.5217391304348
White-Ones (6 Suits),5,504.76190476190476
No Variant,4,465.5737704918033
Rainbow (6 Suits),6,455.0
Rainbow (5 Suits),3,452.0
Black (6 Suits),3,435.2040816326531
Rainbow & Prism (5 Suits),4,424.3243243243243
Muddy Rainbow (6 Suits),5,409.0909090909091
Pink (6 Suits),5,367.27272727272725
White-Ones (4 Suits),4,350.0
Light Pink (6 Suits),6,313.3333333333333
Prism (6 Suits),3,308.2352941176471
Dark Prism (6 Suits),3,294.11764705882354
Rainbow & Prism (6 Suits),3,270.8333333333333
Dark Prism (5 Suits),3,259.0909090909091
Light Pink (5 Suits),3,250.0
White-Ones & Dark Prism (5 Suits),4,250.0
White-Ones (6 Suits),3,245.0
6 Suits,5,227.58620689655172
Brown & Prism (5 Suits),4,218.75
4 Suits,3,213.2075471698113
Rainbow & Light Pink (5 Suits),5,210.00000000000003
3 Suits,2,202.2222222222222
White-Ones & Omni (4 Suits),3,200.0
White & Prism (5 Suits),3,195.94594594594594
White & Brown (6 Suits),4,195.23809523809524
Rainbow (4 Suits),4,194.23076923076923
White-Ones (6 Suits),4,192.59259259259258
White (6 Suits),3,189.67391304347828
White & Prism (5 Suits),6,183.33333333333334
White-Ones (4 Suits),6,180.0
White-Ones (5 Suits),4,176.92307692307693
White-Ones & Rainbow (5 Suits),3,163.1578947368421
Prism (5 Suits),5,160.49382716049382
No Variant,5,134.33048433048432
Throw It in a Hole & Prism (5 Suits),3,133.33333333333334
Black (5 Suits),3,132.31225296442688
Prism (5 Suits),4,129.74683544303798
Prism (6 Suits),4,129.5774647887324
White (6 Suits),4,119.76470588235296
Brown-Fives & Brown (5 Suits),5,100.0
Pink & Prism (5 Suits),6,100.0
6 Suits,3,96.99074074074073
Rainbow (4 Suits),3,94.94382022471909
Dual-Color (5 Suits),2,93.90243902439025
Rainbow & Pink (5 Suits),4,92.82051282051282
Prism (5 Suits),3,87.73946360153258
White (5 Suits),4,85.71428571428572
No Variant,3,82.58064516129032
Rainbow & Prism (5 Suits),3,82.2695035460993
White (5 Suits),3,76.8976897689769
Rainbow (5 Suits),4,75.25252525252526
Brown (5 Suits),3,71.16279069767442
Prism (4 Suits),3,60.06944444444444
4 Suits,4,57.38636363636363
6 Suits,4,53.142857142857146
No Variant,2,27.65217391304348