Light-Pink-Ones & Pink (5 Suits),3,300.0
Rainbow & Brown (5 Suits),6,223.33333333333331
Brown-Ones & White (5 Suits),4,223.07692307692307
Brown & Light Pink (5 Suits),3,200.0
Black & White (6 Suits),3,173.84615384615384
White & Brown (5 Suits),5,165.625
Dark Omni (5 Suits),3,158.86524822695037
Pink & Dark Omni (6 Suits),3,154.54545454545453
White-Ones & Rainbow (4 Suits),3,150.0
White & Omni (5 Suits),6,142.85714285714286
Throw It in a Hole (5 Suits),3,138.37209302325581
Light Pink (6 Suits),3,128.24858757062148
Brown (4 Suits),4,128.2051282051282
White (6 Suits),4,124.28940568475453
Rainbow (5 Suits),3,123.37662337662339
Prism Reversed (4 Suits),3,118.18181818181819
Rainbow (6 Suits),3,118.11926605504587
Prism (5 Suits),3,117.51412429378531
Rainbow (4 Suits),3,115.29411764705883
Prism (6 Suits),2,113.75661375661376
Rainbow (5 Suits),2,110.83743842364531
White (4 Suits),3,109.58083832335329
White (3 Suits),2,100.7751937984496
Prism (6 Suits),5,96.53179190751445
Dark Null (6 Suits),4,91.2621359223301
Ambiguous (6 Suits),3,88.39285714285715
Brown (6 Suits),6,71.95767195767196
Pink (5 Suits),4,71.60493827160494
3 Suits,4,68.92430278884461
Prism (6 Suits),4,64.79591836734694
Dual-Color (6 Suits),3,64.1891891891892
Rainbow & White (5 Suits),3,62.06896551724138
6 Suits,5,61.33093525179856
Throw It in a Hole (4 Suits),3,60.44776119402985
Rainbow (4 Suits),5,59.7979797979798
Brown (5 Suits),6,58.18181818181818
Rainbow (6 Suits),4,57.1285140562249
4 Suits,2,56.17977528089887
White (5 Suits),3,54.75
Black (5 Suits),2,52.38095238095238
3 Suits,2,51.17647058823529
Rainbow (3 Suits),2,51.171875
4 Suits,3,50.95693779904307
No Variant,4,50.45207956600362
White-Ones & Muddy Rainbow (6 Suits),5,50.0
Dual-Color (5 Suits),5,48.275862068965516
Prism (4 Suits),3,40.96692111959288
Prism (6 Suits),3,35.9882005899705
White (6 Suits),3,31.200787401574804
Pink (3 Suits),2,25.72674418604651
6 Suits,6,25.714285714285715
3 Suits,3,24.933920704845814
White (5 Suits),4,22.05128205128205
No Variant,3,16.734006734006737
Rainbow & Prism (4 Suits),2,13.48314606741573
Black (5 Suits),4,10.469722693831352
No Variant,5,6.0772357723577235
No Variant,2,5.624638519375361