Null (6 Suits),2,1180.0
Black (6 Suits),2,745.0
White (6 Suits),4,598.8235294117648
Rainbow (3 Suits),3,542.6229508196722
Rainbow (6 Suits),3,526.4705882352941
Rainbow (5 Suits),4,449.4949494949495
Alternating Clues (5 Suits),3,375.0
White (5 Suits),5,373.52941176470586
6 Suits,4,368.6868686868687
Dual-Color (6 Suits),3,334.48275862068965
Rainbow & White (5 Suits),3,332.7586206896552
Ambiguous (6 Suits),3,328.94736842105266
Null (5 Suits),2,310.2564102564103
Prism (3 Suits),3,226.0
Dual-Color & White (6 Suits),3,215.0
Rainbow & Prism (5 Suits),4,212.16216216216216
Null (5 Suits),3,197.43589743589746
White (6 Suits),3,192.61363636363637
Null (6 Suits),3,190.0
Rainbow & White (6 Suits),3,188.77551020408163
Deceptive-Ones (5 Suits),3,184.61538461538464
Black (5 Suits),3,166.85393258426964
Rainbow (5 Suits),3,152.6315789473684
Black & Rainbow (5 Suits),2,146.42857142857142
Up or Down (5 Suits),3,143.65079365079364
No Variant,2,141.981981981982
White & Prism (5 Suits),3,140.40404040404042
No Variant,3,138.8888888888889
6 Suits,3,97.33009708737865
3 Suits,3,85.27777777777777
White (3 Suits),3,72.8125
Black (6 Suits),3,67.43044189852701
Brown (5 Suits),3,58.33333333333334
Brown (6 Suits),3,55.3125
Null (4 Suits),3,53.431372549019606
Prism (5 Suits),3,52.41379310344827