White-Ones & Prism (6 Suits),4,350.0
Muddy Rainbow & Light Pink (6 Suits),4,325.0
Rainbow-Ones & White (5 Suits),3,242.85714285714286
Brown-Ones & Rainbow (5 Suits),5,235.0
Brown-Ones & White (5 Suits),4,223.07692307692307
Rainbow & White (3 Suits),4,186.95652173913047
Up or Down (6 Suits),4,183.62573099415204
Brown & Prism (5 Suits),4,170.6896551724138
Pink-Ones (5 Suits),4,169.23076923076923
Dual-Color & Rainbow (4 Suits),3,168.42105263157896
Rainbow & White (6 Suits),3,168.42105263157896
Rainbow & White (6 Suits),6,161.76470588235296
White & Prism (5 Suits),4,153.7037037037037
Brown-Ones (6 Suits),4,142.85714285714286
Dual-Color & Rainbow (6 Suits),4,138.5964912280702
Pink (6 Suits),3,137.36842105263156
Muddy Rainbow (6 Suits),3,133.98692810457516
Rainbow & White (5 Suits),2,128.16901408450704
Dual-Color (5 Suits),3,128.03030303030303
Pink & Brown (5 Suits),4,123.91304347826087
Rainbow (5 Suits),4,123.32361516034986
No Variant,6,122.79411764705883
Rainbow & Prism (6 Suits),3,120.43010752688171
Pink (4 Suits),3,119.46902654867257
6 Suits,4,119.0
Prism (5 Suits),3,117.51412429378531
Brown (5 Suits),3,113.67521367521367
No Variant,4,100.90415913200724
No Variant,3,100.4040404040404
Rainbow-Ones & Muddy Rainbow (6 Suits),6,100.0
Rainbow & Prism (5 Suits),4,97.72727272727272
White & Prism (6 Suits),4,80.35714285714286
Pink (6 Suits),5,70.99236641221374
Rainbow & Brown (5 Suits),3,65.9090909090909
Brown (5 Suits),4,64.82412060301507
Prism (6 Suits),4,64.79591836734694
6 Suits,5,61.33093525179856
Rainbow (6 Suits),3,59.059633027522935
Brown (6 Suits),3,58.064516129032256
Prism (4 Suits),4,56.97674418604651
White & Brown (5 Suits),4,45.42483660130719
Rainbow & Prism (6 Suits),4,42.78846153846154
Prism (5 Suits),4,40.645161290322584
Brown (6 Suits),4,35.426008968609864