Light-Pink-Ones & Pink (5 Suits),3,300.0
Brown-Ones & White (5 Suits),4,192.3076923076923
Rainbow & Brown (5 Suits),6,173.33333333333334
Brown & Light Pink (5 Suits),3,157.14285714285714
White & Omni (5 Suits),6,128.57142857142856
White & Brown (5 Suits),5,128.125
White-Ones & Rainbow (4 Suits),3,125.0
Pink & Dark Omni (6 Suits),3,109.0909090909091
Black & White (6 Suits),3,90.76923076923077
Dark Omni (5 Suits),3,87.9432624113475
Throw It in a Hole (5 Suits),3,76.74418604651163
Prism Reversed (4 Suits),3,72.72727272727273
Brown (4 Suits),4,69.23076923076923
Ambiguous (6 Suits),3,65.17857142857143
Prism (5 Suits),3,60.45197740112994
Prism (6 Suits),5,58.09248554913295
White (4 Suits),3,57.485029940119766
Light Pink (6 Suits),3,54.802259887005654
Rainbow (5 Suits),3,51.94805194805195
Brown (6 Suits),6,51.851851851851855
Dark Null (6 Suits),4,47.57281553398059
Rainbow (4 Suits),3,46.66666666666667
Rainbow (5 Suits),2,45.32019704433498
White (6 Suits),4,44.44444444444444
White (3 Suits),2,44.18604651162791
Pink (5 Suits),4,41.97530864197531
Prism (6 Suits),2,41.26984126984127
Rainbow (6 Suits),3,40.137614678899084
Dual-Color (5 Suits),5,34.48275862068966
Rainbow (4 Suits),5,34.141414141414145
Dual-Color (6 Suits),3,32.770270270270274
Prism (6 Suits),4,31.887755102040813
3 Suits,4,31.47410358565737
Rainbow & White (5 Suits),3,30.689655172413794
Throw It in a Hole (4 Suits),3,29.1044776119403
Rainbow (3 Suits),2,28.90625
White (5 Suits),3,27.75
4 Suits,2,26.96629213483146
3 Suits,2,25.88235294117647
6 Suits,5,25.53956834532374
Brown (5 Suits),6,25.454545454545457
White-Ones & Muddy Rainbow (6 Suits),5,25.0
Prism (4 Suits),3,24.427480916030536
4 Suits,3,24.162679425837318
Rainbow (6 Suits),4,16.666666666666668
Prism (6 Suits),3,14.306784660766962
White (6 Suits),3,14.074803149606298
3 Suits,3,11.98237885462555
Black (5 Suits),2,11.904761904761905
6 Suits,6,11.336405529953918
No Variant,4,11.211573236889691
White (5 Suits),4,10.564102564102564
Pink (3 Suits),2,8.430232558139535
Black (5 Suits),4,4.595359366157329
No Variant,3,4.074074074074074
Rainbow & Prism (4 Suits),2,3.9325842696629216
No Variant,5,1.2804878048780488
No Variant,2,1.135049161364951