White-Ones & Prism (6 Suits),4,330.0
Muddy Rainbow & Light Pink (6 Suits),4,293.75
Rainbow-Ones & White (5 Suits),3,242.85714285714286
Brown-Ones & White (5 Suits),4,192.3076923076923
Brown-Ones & Rainbow (5 Suits),5,155.0
Pink-Ones (5 Suits),4,146.15384615384616
Rainbow & White (6 Suits),6,120.58823529411765
Rainbow & White (3 Suits),4,119.56521739130436
Dual-Color & Rainbow (4 Suits),3,115.78947368421052
Rainbow & White (6 Suits),3,110.52631578947368
White & Prism (5 Suits),4,109.25925925925925
Brown & Prism (5 Suits),4,105.17241379310346
Up or Down (6 Suits),4,104.6783625730994
Rainbow-Ones & Muddy Rainbow (6 Suits),6,100.0
Dual-Color & Rainbow (6 Suits),4,96.49122807017544
Rainbow & White (5 Suits),2,78.87323943661973
Brown-Ones (6 Suits),4,78.57142857142857
Pink (4 Suits),3,77.87610619469027
Pink (6 Suits),3,71.05263157894737
Pink & Brown (5 Suits),4,70.65217391304347
Rainbow & Prism (5 Suits),4,68.93939393939394
Dual-Color (5 Suits),3,67.42424242424242
Muddy Rainbow (6 Suits),3,64.05228758169935
Rainbow & Prism (6 Suits),3,61.29032258064516
Prism (5 Suits),3,60.45197740112994
6 Suits,4,50.333333333333336
Rainbow (5 Suits),4,50.14577259475219
Brown (5 Suits),3,46.15384615384616
No Variant,6,44.6078431372549
White & Prism (6 Suits),4,44.04761904761905
Pink (6 Suits),5,38.93129770992366
Prism (4 Suits),4,37.2093023255814
Rainbow & Brown (5 Suits),3,36.81818181818182
Brown (5 Suits),4,32.41206030150754
Prism (6 Suits),4,31.887755102040813
Rainbow & Prism (6 Suits),4,30.28846153846154
6 Suits,5,25.53956834532374
White & Brown (5 Suits),4,24.50980392156863
No Variant,3,24.444444444444446
Prism (5 Suits),4,22.795698924731184
No Variant,4,22.423146473779383
Brown (6 Suits),3,21.68458781362007
Rainbow (6 Suits),3,20.068807339449542
Brown (6 Suits),4,17.04035874439462