White-Ones & Rainbow (5 Suits),5,200.0
Brown-Ones & White (5 Suits),4,192.3076923076923
Rainbow-Ones & Rainbow (5 Suits),4,157.69230769230768
Rainbow & Prism (6 Suits),4,121.15384615384616
Prism Reversed (5 Suits),3,108.33333333333333
Rainbow & Prism (3 Suits),2,100.0
White-Ones & Brown (4 Suits),6,100.0
White-Ones (5 Suits),3,88.46153846153847
Brown & Prism (5 Suits),5,87.27272727272728
Prism (4 Suits),4,74.4186046511628
White (3 Suits),4,69.13580246913581
Rainbow & White (3 Suits),2,66.66666666666667
Rainbow (4 Suits),2,65.13761467889908
Brown (5 Suits),4,64.82412060301507
Totally Blind (5 Suits),3,62.5
Prism (3 Suits),2,61.25
White-Ones (6 Suits),3,60.0
Rainbow (3 Suits),2,57.8125
White (5 Suits),3,55.5
Brown (6 Suits),5,54.43037974683544
Rainbow (5 Suits),5,49.0625
Rainbow (4 Suits),3,46.66666666666667
White (3 Suits),2,44.18604651162791
Up or Down (5 Suits),3,37.93103448275862
6 Suits,3,37.53581661891118
4 Suits,4,36.708860759493675
Prism (5 Suits),4,34.193548387096776
White (6 Suits),3,28.149606299212596
White (5 Suits),4,26.41025641025641
3 Suits,2,25.88235294117647
4 Suits,3,24.162679425837318
White (6 Suits),4,22.22222222222222
Prism (6 Suits),2,20.634920634920636
Rainbow (4 Suits),4,19.154228855721392
4 Suits,2,17.97752808988764
Rainbow (5 Suits),4,16.715257531584065
3 Suits,3,14.977973568281937
Black (5 Suits),3,13.966836734693878
Rainbow (6 Suits),4,11.111111111111112
Rainbow (5 Suits),3,10.38961038961039
Brown-Ones & Rainbow (4 Suits),3,9.523809523809524
Rainbow (6 Suits),2,8.151898734177216
No Variant,3,8.148148148148149
Rainbow (6 Suits),3,8.027522935779816
Black (5 Suits),2,7.936507936507937
Black (6 Suits),3,6.181967549804888
No Variant,4,4.484629294755877
No Variant,5,3.8414634146341466
No Variant,2,1.7971611721611724
6 Suits,2,1.6690926734594858
Black (6 Suits),2,1.3674418604651164