Reversed (6 Suits),5,132.0
Rainbow & Muddy Rainbow (6 Suits),3,131.42857142857142
Prism (6 Suits),5,116.1849710982659
Rainbow & Prism (4 Suits),4,108.33333333333333
Light Pink (5 Suits),4,105.60747663551402
Up or Down & Prism (5 Suits),2,100.00000000000001
Alternating Clues & Black (6 Suits),4,100.0
Up or Down & Light Pink (6 Suits),3,95.65217391304348
Reversed (3 Suits),2,80.95238095238095
Prism (3 Suits),4,79.8076923076923
Black & Prism (6 Suits),3,75.26881720430107
Brown (6 Suits),4,68.16143497757848
Dark Pink (6 Suits),5,63.44827586206897
3 Suits,4,62.94820717131474
Rainbow & White (6 Suits),4,51.904761904761905
Rainbow & White (6 Suits),5,51.36986301369863
Up or Down & Brown (5 Suits),2,39.473684210526315
Up or Down & Omni (5 Suits),3,38.586956521739125
Prism (5 Suits),4,34.193548387096776
Black (5 Suits),2,23.80952380952381
No Variant,4,22.423146473779383
Brown & Muddy Rainbow (5 Suits),3,19.23076923076923
Reversed (4 Suits),2,15.833333333333334
Brown (5 Suits),4,12.964824120603014
Null (5 Suits),3,12.395833333333334
Pink (5 Suits),3,10.597014925373134