Rainbow & Dark Brown (5 Suits),4,1321.4285714285713
Clue Starved (6 Suits),3,930.4347826086956
Null (5 Suits),5,850.0
Cocoa Rainbow (5 Suits),3,743.75
Rainbow & Light Pink (5 Suits),5,630.0
Rainbow (6 Suits),2,585.3932584269663
Rainbow (6 Suits),4,582.3529411764706
No Variant,6,569.8924731182796
Rainbow & White (5 Suits),5,538.4615384615385
Black (5 Suits),3,485.14492753623193
No Variant,4,465.5737704918033
Pink (5 Suits),6,437.5
No Variant,3,412.9032258064516
Pink (5 Suits),5,412.6984126984127
6 Suits,3,387.96296296296293
Color Mute (5 Suits),3,371.42857142857144
Pink (5 Suits),4,341.89189189189193
Rainbow-Ones (6 Suits),4,315.7894736842105
Pink & Brown (5 Suits),3,300.0
Pink & Brown (5 Suits),4,300.0
Rainbow-Ones (5 Suits),3,293.75
Pink (5 Suits),2,277.2151898734177
White (5 Suits),2,268.0
Rainbow (5 Suits),5,267.0886075949367
Muddy Rainbow (4 Suits),2,264.1509433962264
Reversed (5 Suits),4,263.82978723404256
Brown-Fives (4 Suits),4,250.0
Rainbow & White (5 Suits),2,235.41666666666666
White-Ones & Rainbow (5 Suits),4,235.0
Brown-Fives (5 Suits),3,228.57142857142858
6 Suits,5,227.58620689655172
Alternating Clues (4 Suits),2,221.875
4 Suits,3,213.2075471698113
Omni (5 Suits),3,204.28571428571428
Pink-Fives & Omni (6 Suits),3,200.0
White (5 Suits),5,187.68115942028984
Black (5 Suits),2,175.37878787878788
Dual-Color (6 Suits),3,173.2758620689655
3 Suits,3,173.11827956989248
No Variant,2,172.82608695652175
White-Fives (6 Suits),5,170.00000000000003
Brown-Fives (5 Suits),4,169.23076923076923
Muddy Rainbow (4 Suits),3,166.07142857142856
Dark Pink (5 Suits),3,158.88888888888889
Rainbow (5 Suits),3,150.66666666666666
Pink & White (5 Suits),3,148.8372093023256
Dual-Color (5 Suits),4,145.52845528455285
3 Suits,4,138.63636363636363
Pink & Brown (4 Suits),2,135.23809523809524
No Variant,5,134.33048433048432
Rainbow & White (5 Suits),4,130.9090909090909
Rainbow & Pink (5 Suits),5,130.0
White (5 Suits),4,128.57142857142856
Black (6 Suits),3,124.34402332361516
Pink (4 Suits),6,120.51282051282051
White (5 Suits),3,115.34653465346535
White (5 Suits),6,114.47368421052632
Rainbow (6 Suits),5,102.90697674418605
Brown-Fives (3 Suits),4,100.0
Rainbow (5 Suits),2,99.59349593495935
Light Pink (4 Suits),4,89.0
White & Brown (6 Suits),3,87.33333333333334
4 Suits,5,78.57142857142857
Rainbow-Ones & Pink (5 Suits),3,57.6923076923077
Up or Down (5 Suits),3,43.70629370629371